outline,dir,star
"코미디, 액션",박성광,관람객 평점 7.42점
애니메이션,신카이 마코토,관람객 평점 8.15점
"액션, 모험, 판타지",조나단 골드스타인,관람객 평점 8.17점
드라마,민용근,관람객 평점 8.01점
애니메이션,이노우에 다케히코,관람객 평점 9.28점
"액션, 코미디",다니엘 콴,관람객 평점 8.88점
애니메이션,소토자키 하루오,관람객 평점 6.65점
드라마,스티븐 스필버그,관람객 평점 8.86점
"다큐멘터리, 공연실황",오윤동,관람객 평점 9.87점
"범죄, 드라마",이원태,관람객 평점 6.17점
"판타지, 미스터리, 스릴러",애나 릴리 아미푸르,관람객 평점 7.15점
드라마,토드 필드,관람객 평점 7.81점
"액션, 스릴러",장-프랑소와 리셰,관람객 평점 7.72점
드라마,장항준,관람객 평점
"스릴러, 범죄",러셀 크로우,관람객 평점 6.67점
"공포, 미스터리",정용기,관람객 평점
액션,채드 스타헬스키,관람객 평점
"코미디, 드라마",마크 포스터,관람객 평점 8.31점
"액션, 모험, SF, 스릴러",제임스 카메론,관람객 평점 8.82점
